{
  "baseline": {
    "label": "Baseline",
    "n": 200,
    "avg_tokens": 51.41,
    "total_tokens": 10282,
    "latency_p50": 285.7829870044952,
    "latency_p95": 925.7778721010234,
    "latency_p99": 1750.5802192147526,
    "tps": 137.79260018027176,
    "time_per_token_ms": 7.257283763364046,
    "batch_tps": 3354.7368229266353,
    "batch_rps": 65.26090502726652
  },
  "eagle3": {
    "label": "EAGLE-3 (k=3)",
    "n": 200,
    "avg_tokens": 51.41,
    "total_tokens": 10282,
    "latency_p50": 277.6117754910956,
    "latency_p95": 979.592141347529,
    "latency_p99": 1582.033931508919,
    "tps": 141.84830916849154,
    "time_per_token_ms": 7.049784420145403,
    "accept_rate": 0.19726824395933482,
    "batch_tps": 1986.2567493236613,
    "batch_rps": 38.684521361839735
  }
}