{
  "baseline": {
    "label": "BASELINE (no speculation)",
    "n": 200,
    "avg_gen_tokens": 56.425,
    "avg_prompt_tokens": 675.415,
    "total_tokens": 11285,
    "latency_ms": {
      "mean": 407.0049275699421,
      "p50": 306.27960000856547,
      "p90": 805.6016449962043,
      "p95": 1062.2499193530516,
      "p99": 1750.6968777316793
    },
    "tps": 138.63468517909675,
    "ms_per_token": 7.213202083649837,
    "batch_tps": 3605.876116560965,
    "batch_rps": 63.883003216599604
  },
  "eagle3": {
    "label": "EAGLE-3 (steps=3, topk=1)",
    "n": 200,
    "avg_gen_tokens": 56.425,
    "avg_prompt_tokens": 675.415,
    "total_tokens": 11285,
    "latency_ms": {
      "mean": 397.0234042838274,
      "p50": 301.97662099817535,
      "p90": 783.3521587075664,
      "p95": 1027.984290941822,
      "p99": 1585.746868252169
    },
    "tps": 142.1200850911611,
    "ms_per_token": 7.036303133076251,
    "batch_tps": 2117.583296512801,
    "batch_rps": 37.555791372045775
  }
}