{
  "baseline": {
    "tps": 137.97902638423204,
    "batch_tps": 3391.7440655005394,
    "lat_p50": 290.77474450605223,
    "avg_tok": 52.545
  },
  "finetuned": {
    "tps": 138.9390709861211,
    "batch_tps": 1968.2722566637901,
    "lat_p50": 291.08240400091745,
    "avg_tok": 52.545
  },
  "original_5ep": {
    "tps": 141.67066872616266,
    "batch_tps": 1987.480862777873,
    "lat_p50": 288.80124550050823,
    "avg_tok": 52.545
  }
}