{
  "baseline": {
    "label": "Baseline",
    "n": 20,
    "avg_tokens": 278.35,
    "total_tokens": 5567,
    "latency_p50": 1510.3428055008408,
    "latency_p95": 4198.3062528925075,
    "tps": 143.93356037657713,
    "ms_per_token": 6.947649994786997
  },
  "eagle3_ft": {
    "label": "EAGLE-3 Finetuned",
    "n": 20,
    "avg_tokens": 292.7,
    "total_tokens": 5854,
    "latency_p50": 2803.0683969991514,
    "latency_p95": 5841.412247702101,
    "tps": 101.93592055740656,
    "ms_per_token": 9.810084556374186
  }
}