{
  "baseline": {
    "label": "BASELINE",
    "sequential": {
      "latency_p50": 166.2493060066481,
      "latency_p95": 248.1318029014801,
      "latency_p99": 270.5797100803541,
      "tps": 123.53224463107087,
      "avg_tokens": 22.2
    },
    "batched": {
      "total_time_s": 0.47089412101195194,
      "rps": 212.36196320544394,
      "tps": 4714.4355831608555,
      "avg_tokens": 22.2
    }
  },
  "eagle3_k3": {
    "label": "EAGLE-3 (k=3)",
    "sequential": {
      "latency_p50": 178.73319899081253,
      "latency_p95": 252.49234270086163,
      "latency_p99": 301.30904731588515,
      "tps": 119.83987426781933,
      "avg_tokens": 22.2
    },
    "batched": {
      "total_time_s": 1.6915169679996325,
      "rps": 59.11853199927329,
      "tps": 1312.431410383867,
      "avg_tokens": 22.2
    }
  },
  "eagle3_k5": {
    "label": "EAGLE-3 (k=5, topk=4)",
    "sequential": {
      "latency_p50": 203.18351250170963,
      "latency_p95": 298.71071279485477,
      "latency_p99": 6181.716796974818,
      "tps": 24.211342906983365,
      "avg_tokens": 22.2
    },
    "batched": {
      "total_time_s": 2.381964150990825,
      "rps": 41.982159957530435,
      "tps": 932.0039510571756,
      "avg_tokens": 22.2
    }
  }
}