{
  "baseline": {
    "tps": 7308.854756238703,
    "rps": 18.190280627771784,
    "total_time": 5.4974413010058925,
    "avg_tok": 401.8,
    "total_tokens": 40180
  },
  "eagle3": {
    "tps": 1557.6297143439526,
    "rps": 5.569925672604873,
    "total_time": 17.953560941008618,
    "avg_tok": 279.65,
    "total_tokens": 27965
  }
}