{
  "vLLM BF16": {
    "1": {
      "lat_p50": 1.25216250307858,
      "lat_p95": 1.3678184055606835,
      "ttft_p50": 1.25216250307858,
      "tps": 0.0,
      "avg_tok": 0.0
    },
    "8": {
      "lat_p50": 6.086821005737875,
      "lat_p95": 7.445370208733948,
      "ttft_p50": 6.086821005737875,
      "tps": 0.0,
      "avg_tok": 0.0
    },
    "16": {
      "lat_p50": 12.359907501377165,
      "lat_p95": 19.336521509103477,
      "ttft_p50": 12.359907501377165,
      "tps": 0.0,
      "avg_tok": 0.0
    },
    "32": {
      "lat_p50": 21.978815500915516,
      "lat_p95": 31.4023760445707,
      "ttft_p50": 21.978815500915516,
      "tps": 0.0,
      "avg_tok": 0.0
    }
  }
}