{
  "baseline": {
    "tps": 138.10831568600895,
    "lat_p50": 290.32162700605113,
    "lat_p95": 924.4286831999468,
    "avg_tok": 52.545
  },
  "pretrained": {
    "tps": 113.30426688956396,
    "lat_p50": 369.5638754943502,
    "lat_p95": 1178.3437292448057,
    "avg_tok": 52.545
  },
  "finetuned": {
    "tps": 142.07132329688952,
    "lat_p50": 287.0838150047348,
    "lat_p95": 1013.2246284025312,
    "avg_tok": 52.545
  }
}