{
  "SGLang BF16": {
    "1": {
      "lat_p50": 120.56429151562043,
      "lat_p95": 134.64045548607828,
      "ttft_p50": 7.5392552816992975,
      "tps": 132.46072204840033,
      "avg_tok": 15.8
    },
    "4": {
      "lat_p50": 138.28603150614072,
      "lat_p95": 163.19546464073937,
      "ttft_p50": 8.816861686696823,
      "tps": 113.26195708569472,
      "avg_tok": 15.8
    },
    "8": {
      "lat_p50": 161.29324950452428,
      "lat_p95": 200.11903191480087,
      "ttft_p50": 10.437000491037907,
      "tps": 96.36617320563823,
      "avg_tok": 15.8
    },
    "16": {
      "lat_p50": 195.58851950569078,
      "lat_p95": 241.08037759142462,
      "ttft_p50": 12.417662083559359,
      "tps": 81.27937419894135,
      "avg_tok": 15.8
    },
    "32": {
      "lat_p50": 183.8232419831911,
      "lat_p95": 230.67131314019207,
      "ttft_p50": 11.503913750017931,
      "tps": 84.95873570192481,
      "avg_tok": 15.8
    }
  }
}