{
  "baseline": {
    "seq_tps": 143.82081061969686,
    "batch_tps": 3567.9812977474066,
    "lat_p50": 961.0799570000381,
    "lat_p95": 2477.575272492686,
    "avg_tok": 170.425,
    "batch_avg_tok": 169.47
  },
  "eagle3": {
    "seq_tps": 141.3766649808164,
    "batch_tps": 2799.863828221625,
    "lat_p50": 934.8285195010249,
    "lat_p95": 2996.115109694801,
    "avg_tok": 171.03,
    "batch_avg_tok": 170.585
  }
}